ip,endpoint,status,timestamp,execution_time,rows_scanned,joins_count
10.0.174.105,/login,200,2026-03-21 06:02:53.093829,435,2877.0,
192.168.242.143,/api/data,200,2026-03-21 06:02:53.093829,330,,3.0
192.168.115.232,/api/data,200,2026-03-21 06:02:53.093829,291,,3.0
172.16.78.58,/search,200,2026-03-21 06:02:53.282271,698,,2.0
10.0.36.132,/checkout,200,2026-03-21 06:02:53.282271,705,2092.0,
10.0.203.236,/checkout,200,2026-03-21 06:02:53.282271,468,,
172.16.130.87,/login,200,2026-03-21 06:02:53.609742,837,,
10.0.54.173,/search,500,2026-03-21 06:02:53.609742,604,,
192.168.91.78,/search,200,2026-03-21 06:02:53.966026,565,,3.0
10.0.164.140,/login,200,2026-03-21 06:02:53.966026,548,,4.0
10.0.6.166,/checkout,200,2026-03-21 06:02:54.330717,109,,2.0
192.168.47.177,/login,200,2026-03-21 06:02:54.330717,171,741.0,
192.168.180.73,/login,200,2026-03-21 06:02:54.598397,352,,3.0
172.16.5.161,/checkout,200,2026-03-21 06:02:54.598397,522,,
172.16.121.176,/search,200,2026-03-21 06:02:54.930690,652,104.0,
192.168.155.246,/api/data,200,2026-03-21 06:02:54.930690,499,3128.0,1.0
172.16.140.232,/profile,200,2026-03-21 06:02:54.930690,497,3730.0,1.0
10.0.240.28,/api/data,200,2026-03-21 06:02:55.212286,515,2487.0,
172.16.128.31,/profile,200,2026-03-21 06:02:55.212286,581,2066.0,
172.16.78.176,/login,200,2026-03-21 06:02:55.212760,568,,
192.168.179.62,/profile,200,2026-03-21 06:02:55.601958,271,3045.0,
172.16.128.1,/profile,200,2026-03-21 06:02:55.876683,584,,
172.16.208.180,/profile,500,2026-03-21 06:02:55.876683,802,2731.0,2.0
172.16.152.34,/checkout,200,2026-03-21 06:02:56.036002,601,1881.0,
10.0.108.104,/login,200,2026-03-21 06:02:56.036002,458,,5.0
192.168.188.82,/checkout,200,2026-03-21 06:02:56.310442,349,,3.0
10.0.176.105,/api/data,200,2026-03-21 06:02:56.552711,714,4414.0,3.0
192.168.111.169,/checkout,200,2026-03-21 06:02:56.552711,395,,3.0
192.168.116.46,/profile,200,2026-03-21 06:02:56.552711,485,2073.0,2.0
10.0.214.88,/api/data,500,2026-03-21 06:02:56.717544,562,,
10.0.101.197,/profile,200,2026-03-21 06:02:56.717544,452,,
192.168.11.206,/profile,200,2026-03-21 06:02:56.717544,434,,
10.0.15.91,/search,200,2026-03-21 06:02:56.984611,517,,4.0
172.16.194.233,/login,200,2026-03-21 06:02:56.984611,676,,
172.16.23.63,/checkout,500,2026-03-21 06:02:56.984611,294,3209.0,
10.0.243.132,/login,200,2026-03-21 06:02:56.984611,495,,3.0
172.16.193.43,/checkout,200,2026-03-21 06:02:57.278604,635,,
192.168.249.192,/profile,200,2026-03-21 06:02:57.278604,194,1998.0,1.0
10.0.72.216,/checkout,200,2026-03-21 06:02:57.278604,336,1621.0,5.0
192.168.156.158,/checkout,200,2026-03-21 06:02:57.278604,234,,
172.16.2.250,/login,200,2026-03-21 06:02:57.468752,744,3181.0,
10.0.167.134,/api/data,200,2026-03-21 06:02:57.468752,467,,1.0
192.168.118.218,/checkout,200,2026-03-21 06:02:57.468752,359,,3.0
10.0.73.140,/login,500,2026-03-21 06:02:57.786161,691,,
172.16.141.22,/api/data,200,2026-03-21 06:02:57.786161,595,,2.0
172.16.47.90,/profile,404,2026-03-21 06:02:57.786161,744,3461.0,5.0
172.16.116.66,/api/data,200,2026-03-21 06:02:57.786161,711,4749.0,
172.16.110.54,/profile,200,2026-03-21 06:02:58.026067,554,3562.0,5.0
192.168.131.16,/profile,200,2026-03-21 06:02:58.026067,154,,1.0
172.16.119.51,/checkout,200,2026-03-21 06:02:58.026067,742,,
172.16.82.240,/login,200,2026-03-21 06:02:58.026067,728,,1.0
10.0.242.158,/api/data,200,2026-03-21 06:02:58.350379,510,,
10.0.127.18,/api/data,200,2026-03-21 06:02:58.350379,478,1042.0,
172.16.12.94,/api/data,200,2026-03-21 06:02:58.678879,590,3411.0,
10.0.217.17,/profile,200,2026-03-21 06:02:58.678879,164,,3.0
10.0.176.171,/checkout,200,2026-03-21 06:02:59.026256,410,,1.0
172.16.83.41,/profile,200,2026-03-21 06:02:59.026256,520,2380.0,
172.16.181.189,/login,500,2026-03-21 06:02:59.231955,630,4522.0,5.0
192.168.72.186,/checkout,500,2026-03-21 06:02:59.231955,205,,2.0
10.0.213.34,/api/data,200,2026-03-21 06:02:59.231955,647,3332.0,
192.168.229.236,/login,200,2026-03-21 06:02:59.231955,172,3091.0,
192.168.167.95,/profile,404,2026-03-21 06:02:59.231955,321,1483.0,
172.16.0.53,/login,200,2026-03-21 06:02:59.520320,678,,
10.0.184.26,/profile,500,2026-03-21 06:02:59.520320,475,1026.0,4.0
192.168.38.185,/login,200,2026-03-21 06:02:59.520320,239,1780.0,
10.0.221.42,/profile,200,2026-03-21 06:02:59.694944,379,,3.0
192.168.229.233,/checkout,200,2026-03-21 06:02:59.968965,295,,
192.168.164.196,/checkout,200,2026-03-21 06:02:59.968965,372,2323.0,
172.16.205.73,/profile,200,2026-03-21 06:03:00.206452,520,1256.0,5.0
10.0.163.251,/checkout,404,2026-03-21 06:03:00.206452,615,,
192.168.181.41,/api/data,200,2026-03-21 06:03:00.489542,430,,4.0
10.0.228.249,/search,200,2026-03-21 06:03:00.619226,423,1587.0,
172.16.227.208,/api/data,200,2026-03-21 06:03:00.856172,676,,1.0
172.16.170.127,/search,500,2026-03-21 06:03:00.856172,935,,3.0
192.168.70.216,/search,200,2026-03-21 06:03:00.856172,199,241.0,5.0
192.168.223.120,/search,200,2026-03-21 06:03:00.998188,373,2899.0,
172.16.21.117,/profile,200,2026-03-21 06:03:01.263636,897,1554.0,1.0
172.16.13.53,/search,200,2026-03-21 06:03:01.263636,780,1949.0,5.0
10.0.105.186,/profile,200,2026-03-21 06:03:01.263636,286,,5.0
192.168.31.132,/api/data,200,2026-03-21 06:03:01.459870,167,1666.0,5.0
192.168.80.215,/checkout,200,2026-03-21 06:03:01.459870,611,137.0,4.0
10.0.84.107,/search,200,2026-03-21 06:03:01.600458,575,,2.0
192.168.200.94,/login,200,2026-03-21 06:03:01.600458,640,,
10.0.115.187,/profile,404,2026-03-21 06:03:01.868748,466,1478.0,3.0
172.16.216.219,/profile,200,2026-03-21 06:03:02.264914,776,4626.0,
172.16.195.119,/api/data,200,2026-03-21 06:03:02.659706,544,,5.0
10.0.66.65,/profile,200,2026-03-21 06:03:02.659706,455,4854.0,4.0
192.168.222.76,/search,200,2026-03-21 06:03:02.659706,285,,1.0
10.0.230.84,/api/data,200,2026-03-21 06:03:03.058929,513,4238.0,2.0
192.168.101.251,/search,200,2026-03-21 06:03:03.058929,884,,4.0
10.0.85.141,/api/data,200,2026-03-21 06:03:03.058929,429,,3.0
192.168.37.206,/login,200,2026-03-21 06:03:03.058929,285,,
172.16.161.80,/search,200,2026-03-21 06:03:03.058929,796,3447.0,5.0
172.16.140.84,/api/data,404,2026-03-21 06:03:03.336800,738,3315.0,4.0
192.168.34.95,/profile,200,2026-03-21 06:03:03.336800,333,2172.0,3.0
10.0.91.208,/login,500,2026-03-21 06:03:03.336800,234,,4.0
10.0.14.113,/login,404,2026-03-21 06:03:03.336800,559,4561.0,2.0
10.0.56.212,/checkout,200,2026-03-21 06:03:03.687981,458,2937.0,
192.168.2.247,/checkout,200,2026-03-21 06:03:03.687981,255,3774.0,4.0
172.16.134.229,/profile,200,2026-03-21 06:03:03.687981,641,4270.0,2.0
172.16.61.97,/login,200,2026-03-21 06:03:03.687981,470,,
172.16.161.255,/checkout,200,2026-03-21 06:03:03.687981,588,,3.0
10.0.243.12,/login,404,2026-03-21 06:03:03.866521,394,3035.0,
172.16.54.225,/api/data,200,2026-03-21 06:03:04.054804,579,,2.0
192.168.123.2,/checkout,200,2026-03-21 06:03:04.054804,547,,
172.16.0.49,/login,200,2026-03-21 06:03:04.054804,581,1885.0,1.0
172.16.150.226,/profile,200,2026-03-21 06:03:04.236835,484,,3.0
10.0.24.235,/profile,200,2026-03-21 06:03:04.622381,566,1203.0,3.0
172.16.48.239,/search,200,2026-03-21 06:03:04.622381,479,3477.0,4.0
172.16.173.47,/search,200,2026-03-21 06:03:04.871548,731,2667.0,
172.16.97.37,/search,200,2026-03-21 06:03:04.871548,429,,1.0
172.16.16.146,/login,200,2026-03-21 06:03:04.871548,575,,1.0
10.0.135.135,/login,500,2026-03-21 06:03:05.008288,476,,
172.16.47.27,/profile,500,2026-03-21 06:03:05.008288,452,,5.0
10.0.162.95,/search,200,2026-03-21 06:03:05.008288,672,1326.0,2.0
192.168.55.22,/login,200,2026-03-21 06:03:05.259281,195,4928.0,3.0
172.16.51.136,/search,200,2026-03-21 06:03:05.259281,612,3014.0,
172.16.103.38,/api/data,200,2026-03-21 06:03:05.259281,576,,
172.16.16.161,/checkout,200,2026-03-21 06:03:05.259281,567,4663.0,
172.16.114.249,/search,200,2026-03-21 06:03:05.516930,713,,5.0
10.0.27.33,/profile,200,2026-03-21 06:03:05.516930,564,1149.0,
172.16.240.67,/login,404,2026-03-21 06:03:05.886238,610,,
10.0.249.13,/checkout,200,2026-03-21 06:03:06.200439,451,,1.0
10.0.186.187,/search,200,2026-03-21 06:03:06.554272,363,2779.0,
172.16.83.242,/api/data,200,2026-03-21 06:03:06.554272,750,2712.0,
10.0.209.16,/api/data,200,2026-03-21 06:03:06.554272,398,,3.0
10.0.97.122,/profile,200,2026-03-21 06:03:06.554272,479,,
10.0.201.25,/login,200,2026-03-21 06:03:06.789334,285,,
10.0.157.225,/search,200,2026-03-21 06:03:06.789334,485,,
172.16.39.245,/api/data,200,2026-03-21 06:03:06.789334,635,4742.0,4.0
192.168.244.205,/profile,200,2026-03-21 06:03:07.190001,26,690.0,4.0
192.168.229.146,/profile,200,2026-03-21 06:03:07.190001,283,,
172.16.163.38,/checkout,404,2026-03-21 06:03:07.190001,734,,
10.0.180.193,/search,200,2026-03-21 06:03:07.190001,469,1692.0,
192.168.128.71,/login,200,2026-03-21 06:03:07.440246,667,1014.0,5.0
10.0.172.94,/login,200,2026-03-21 06:03:07.440246,178,,
10.0.175.112,/api/data,200,2026-03-21 06:03:07.440246,82,2150.0,
172.16.182.252,/search,200,2026-03-21 06:03:07.440246,512,4206.0,
172.16.9.167,/profile,200,2026-03-21 06:03:07.697267,672,3011.0,1.0
192.168.135.233,/login,500,2026-03-21 06:03:07.697267,482,,1.0
172.16.122.250,/api/data,200,2026-03-21 06:03:08.001365,847,,
192.168.168.168,/login,200,2026-03-21 06:03:08.001365,114,2638.0,1.0
172.16.89.122,/login,200,2026-03-21 06:03:08.001365,855,314.0,4.0
10.0.63.170,/search,500,2026-03-21 06:03:08.267620,772,,
10.0.134.4,/api/data,200,2026-03-21 06:03:08.267620,422,3980.0,
192.168.186.237,/search,200,2026-03-21 06:03:08.267620,393,,3.0
192.168.12.55,/api/data,200,2026-03-21 06:03:08.267620,414,,
192.168.71.228,/checkout,500,2026-03-21 06:03:08.501644,394,1097.0,5.0
172.16.84.32,/login,200,2026-03-21 06:03:08.501644,572,,2.0
10.0.246.73,/search,200,2026-03-21 06:03:08.501644,416,,
172.16.51.209,/profile,200,2026-03-21 06:03:08.501644,270,,
192.168.94.77,/profile,200,2026-03-21 06:03:08.501644,327,,
192.168.154.168,/api/data,200,2026-03-21 06:03:08.817971,324,1864.0,
10.0.236.159,/profile,200,2026-03-21 06:03:08.817971,447,1973.0,
10.0.151.12,/search,200,2026-03-21 06:03:08.817971,433,2730.0,
192.168.110.98,/profile,200,2026-03-21 06:03:08.968632,256,4920.0,2.0
10.0.157.122,/login,200,2026-03-21 06:03:08.968632,504,4651.0,
172.16.81.33,/search,200,2026-03-21 06:03:09.354774,611,2136.0,2.0
10.0.243.142,/search,200,2026-03-21 06:03:09.354774,250,1184.0,1.0
10.0.116.172,/login,200,2026-03-21 06:03:09.354774,479,,2.0
172.16.246.80,/login,200,2026-03-21 06:03:09.701646,706,3706.0,2.0
192.168.61.134,/login,200,2026-03-21 06:03:10.001889,188,,
10.0.39.112,/search,200,2026-03-21 06:03:10.002818,846,,
192.168.151.217,/login,200,2026-03-21 06:03:10.002818,265,,
192.168.73.101,/search,200,2026-03-21 06:03:10.002818,318,2821.0,2.0
10.0.228.190,/profile,200,2026-03-21 06:03:10.216769,433,,
172.16.244.99,/api/data,200,2026-03-21 06:03:10.216769,668,,
172.16.154.231,/search,200,2026-03-21 06:03:10.216769,569,4452.0,5.0
172.16.181.79,/checkout,200,2026-03-21 06:03:10.216769,690,3748.0,2.0
10.0.176.168,/login,200,2026-03-21 06:03:10.437100,659,,1.0
192.168.191.242,/search,500,2026-03-21 06:03:10.735083,212,,2.0
172.16.191.102,/profile,200,2026-03-21 06:03:10.735083,237,1546.0,
10.0.83.22,/api/data,404,2026-03-21 06:03:10.839587,121,,
172.16.63.146,/profile,200,2026-03-21 06:03:10.839587,268,1423.0,3.0
192.168.44.5,/profile,200,2026-03-21 06:03:10.839587,253,,3.0
172.16.130.42,/api/data,200,2026-03-21 06:03:10.839587,664,,
172.16.171.83,/api/data,200,2026-03-21 06:03:10.839587,604,,3.0
172.16.71.89,/checkout,200,2026-03-21 06:03:11.067059,674,3257.0,4.0
10.0.229.181,/checkout,200,2026-03-21 06:03:11.067059,595,4111.0,5.0
192.168.188.249,/profile,200,2026-03-21 06:03:11.067059,212,2692.0,4.0
10.0.235.173,/checkout,200,2026-03-21 06:03:11.067059,191,2135.0,
172.16.189.153,/api/data,200,2026-03-21 06:03:11.067059,591,2209.0,
192.168.255.82,/profile,200,2026-03-21 06:03:11.373036,267,,
172.16.72.132,/profile,200,2026-03-21 06:03:11.660552,611,4463.0,2.0
192.168.47.231,/checkout,200,2026-03-21 06:03:11.660552,281,197.0,
10.0.186.232,/login,200,2026-03-21 06:03:11.844461,575,2311.0,
10.0.14.4,/search,200,2026-03-21 06:03:11.844461,675,3889.0,
10.0.181.127,/profile,200,2026-03-21 06:03:11.844461,384,2603.0,2.0
10.0.252.89,/profile,404,2026-03-21 06:03:12.059664,612,,
192.168.114.12,/checkout,200,2026-03-21 06:03:12.059664,393,912.0,4.0
172.16.70.102,/checkout,200,2026-03-21 06:03:12.269575,572,712.0,1.0
10.0.144.149,/profile,200,2026-03-21 06:03:12.557904,577,3548.0,
192.168.152.248,/search,200,2026-03-21 06:03:12.799979,254,4963.0,
10.0.177.56,/profile,200,2026-03-21 06:03:13.058381,515,,4.0
172.16.56.222,/checkout,404,2026-03-21 06:03:13.058381,297,1600.0,
10.0.66.243,/search,500,2026-03-21 06:03:13.292183,290,,3.0
192.168.66.66,/checkout,200,2026-03-21 06:03:13.292183,695,3663.0,1.0
192.168.4.38,/profile,200,2026-03-21 06:03:13.566220,260,,
192.168.170.72,/search,200,2026-03-21 06:03:13.566220,259,,
172.16.244.249,/login,404,2026-03-21 06:03:13.566220,431,,
10.0.168.255,/search,404,2026-03-21 06:03:13.566220,591,649.0,3.0
10.0.103.15,/profile,200,2026-03-21 06:03:13.723294,527,203.0,1.0
10.0.30.201,/search,200,2026-03-21 06:03:13.723294,448,245.0,2.0
10.0.62.105,/api/data,200,2026-03-21 06:03:13.723294,362,,1.0
172.16.204.87,/search,200,2026-03-21 06:03:13.958876,571,2855.0,
172.16.1.76,/search,500,2026-03-21 06:03:13.958876,585,,3.0
172.16.43.47,/checkout,200,2026-03-21 06:03:14.186686,650,2272.0,
172.16.77.57,/search,200,2026-03-21 06:03:14.449050,822,,
192.168.108.26,/checkout,200,2026-03-21 06:03:14.449450,183,805.0,4.0
192.168.150.218,/api/data,200,2026-03-21 06:03:14.449450,373,,3.0
172.16.199.11,/search,200,2026-03-21 06:03:15.131888,620,3683.0,5.0
10.0.183.104,/search,200,2026-03-21 06:03:15.345139,559,1221.0,
192.168.177.231,/profile,200,2026-03-21 06:03:15.345139,482,3423.0,
10.0.215.120,/api/data,200,2026-03-21 06:03:15.345139,410,2743.0,3.0
172.16.92.86,/search,200,2026-03-21 06:03:15.345139,467,3609.0,
10.0.94.107,/login,200,2026-03-21 06:03:15.345139,435,,
10.0.152.171,/profile,500,2026-03-21 06:03:15.681359,338,1739.0,
10.0.175.170,/search,200,2026-03-21 06:03:15.897688,623,,4.0
10.0.198.7,/search,200,2026-03-21 06:03:15.897688,584,4294.0,2.0
192.168.50.143,/api/data,404,2026-03-21 06:03:16.184106,467,2778.0,
10.0.65.209,/search,200,2026-03-21 06:03:16.184106,367,,5.0
10.0.38.198,/api/data,404,2026-03-21 06:03:16.184106,455,,
192.168.224.30,/search,500,2026-03-21 06:03:16.468123,545,,1.0
10.0.217.161,/login,500,2026-03-21 06:03:16.468123,283,2948.0,
192.168.243.228,/profile,200,2026-03-21 06:03:16.468123,687,2750.0,1.0
192.168.164.22,/profile,200,2026-03-21 06:03:16.468123,304,,
10.0.10.64,/profile,200,2026-03-21 06:03:16.818335,610,,
172.16.157.171,/profile,200,2026-03-21 06:03:16.959855,878,1633.0,
192.168.116.109,/profile,404,2026-03-21 06:03:17.188111,401,,
192.168.194.222,/search,500,2026-03-21 06:03:17.188111,700,,
192.168.238.226,/search,200,2026-03-21 06:03:17.577542,492,,
10.0.44.178,/checkout,200,2026-03-21 06:03:17.577542,490,3770.0,
10.0.122.23,/checkout,200,2026-03-21 06:03:17.577542,466,,5.0
192.168.37.204,/search,200,2026-03-21 06:03:17.577542,418,,4.0
192.168.220.25,/checkout,200,2026-03-21 06:03:17.577542,232,687.0,2.0
172.16.11.207,/checkout,200,2026-03-21 06:03:17.827131,483,2518.0,
172.16.24.155,/profile,200,2026-03-21 06:03:17.827131,270,,
172.16.204.227,/login,200,2026-03-21 06:03:17.827131,740,817.0,2.0
10.0.65.161,/checkout,200,2026-03-21 06:03:18.137671,643,1745.0,
172.16.115.131,/profile,500,2026-03-21 06:03:18.529091,405,1560.0,
10.0.206.239,/profile,500,2026-03-21 06:03:18.529091,349,238.0,
10.0.255.74,/checkout,404,2026-03-21 06:03:18.529091,652,2898.0,5.0
192.168.206.24,/checkout,200,2026-03-21 06:03:18.875392,316,,
10.0.59.253,/checkout,200,2026-03-21 06:03:18.875392,560,,1.0
10.0.125.49,/search,500,2026-03-21 06:03:18.875392,424,,5.0
10.0.149.149,/checkout,200,2026-03-21 06:03:18.875392,455,,
192.168.100.166,/login,200,2026-03-21 06:03:18.875392,366,,2.0
172.16.105.114,/search,500,2026-03-21 06:03:19.086630,824,3913.0,
10.0.144.61,/api/data,404,2026-03-21 06:03:19.086630,492,2373.0,2.0
172.16.55.200,/api/data,500,2026-03-21 06:03:19.086630,574,159.0,4.0
172.16.159.111,/search,200,2026-03-21 06:03:19.086630,554,,
192.168.101.69,/search,200,2026-03-21 06:03:19.086630,359,,4.0
10.0.103.111,/profile,200,2026-03-21 06:03:19.300356,444,650.0,
172.16.236.10,/search,500,2026-03-21 06:03:19.300356,406,2589.0,
10.0.52.170,/profile,200,2026-03-21 06:03:19.300356,833,,
10.0.212.133,/login,500,2026-03-21 06:03:19.300356,358,1230.0,5.0
10.0.104.231,/api/data,200,2026-03-21 06:03:19.643928,483,,
172.16.107.95,/api/data,200,2026-03-21 06:03:19.643928,536,,2.0
192.168.127.247,/profile,200,2026-03-21 06:03:19.643928,386,,
10.0.9.63,/search,200,2026-03-21 06:03:19.643928,419,,
172.16.160.249,/search,200,2026-03-21 06:03:20.042006,583,4191.0,
10.0.88.7,/login,200,2026-03-21 06:03:20.235275,395,3791.0,2.0
10.0.3.118,/profile,200,2026-03-21 06:03:20.370504,371,2695.0,2.0
192.168.70.114,/login,200,2026-03-21 06:03:20.498536,334,,2.0
172.16.137.168,/api/data,200,2026-03-21 06:03:20.498536,793,1214.0,2.0
10.0.248.120,/checkout,200,2026-03-21 06:03:20.498536,351,,4.0
10.0.11.17,/profile,200,2026-03-21 06:03:20.750331,615,,3.0
192.168.134.170,/search,200,2026-03-21 06:03:20.750331,551,3608.0,
172.16.144.96,/search,200,2026-03-21 06:03:20.750331,704,,
192.168.83.80,/checkout,200,2026-03-21 06:03:21.008301,134,,5.0
10.0.217.232,/search,200,2026-03-21 06:03:21.008301,509,,5.0
192.168.126.14,/profile,200,2026-03-21 06:03:21.197269,436,,2.0
10.0.157.15,/profile,200,2026-03-21 06:03:21.197269,224,72.0,
172.16.155.39,/search,200,2026-03-21 06:03:21.197269,545,,1.0
172.16.139.114,/search,500,2026-03-21 06:03:21.452650,421,,4.0
192.168.94.144,/search,500,2026-03-21 06:03:21.663033,290,,
172.16.100.216,/login,404,2026-03-21 06:03:21.663033,625,2905.0,2.0
172.16.197.158,/login,200,2026-03-21 06:03:21.881280,749,308.0,
172.16.136.244,/checkout,500,2026-03-21 06:03:21.881280,787,1907.0,
172.16.228.131,/api/data,200,2026-03-21 06:03:21.881280,634,3638.0,4.0
10.0.171.96,/profile,200,2026-03-21 06:03:22.067834,421,,1.0
10.0.12.153,/search,200,2026-03-21 06:03:22.387642,393,1161.0,3.0
172.16.104.143,/api/data,404,2026-03-21 06:03:22.656831,827,3894.0,
10.0.176.254,/login,200,2026-03-21 06:03:22.656831,713,,2.0
172.16.201.153,/search,200,2026-03-21 06:03:22.656831,510,,
172.16.218.4,/search,200,2026-03-21 06:03:22.656831,581,3823.0,
172.16.248.228,/search,200,2026-03-21 06:03:22.656831,834,4003.0,
10.0.12.151,/search,200,2026-03-21 06:03:22.842104,720,,4.0
10.0.114.117,/search,500,2026-03-21 06:03:22.842104,186,,1.0
10.0.206.49,/search,200,2026-03-21 06:03:22.842104,374,4762.0,3.0
10.0.182.107,/api/data,200,2026-03-21 06:03:22.842104,670,2363.0,
192.168.45.136,/api/data,200,2026-03-21 06:03:22.842104,314,4788.0,
192.168.93.215,/login,200,2026-03-21 06:03:23.025629,652,,
172.16.2.144,/profile,404,2026-03-21 06:03:23.025629,634,,2.0
10.0.39.253,/api/data,200,2026-03-21 06:03:23.025629,454,,
10.0.33.91,/profile,200,2026-03-21 06:03:23.025629,357,1455.0,2.0
172.16.53.40,/login,200,2026-03-21 06:03:23.025629,583,3702.0,
192.168.133.235,/api/data,200,2026-03-21 06:03:23.387224,181,1217.0,
192.168.64.81,/profile,200,2026-03-21 06:03:23.758144,431,3602.0,
192.168.160.181,/api/data,200,2026-03-21 06:03:23.758144,364,,
10.0.115.43,/search,200,2026-03-21 06:03:23.758144,295,571.0,
172.16.238.251,/api/data,200,2026-03-21 06:03:23.758144,550,,
10.0.247.65,/search,200,2026-03-21 06:03:24.101635,380,,
10.0.166.1,/profile,500,2026-03-21 06:03:24.487247,737,4528.0,
192.168.113.161,/checkout,200,2026-03-21 06:03:24.487247,260,,1.0
172.16.246.76,/profile,200,2026-03-21 06:03:24.727684,342,,1.0
172.16.44.15,/checkout,200,2026-03-21 06:03:24.728218,731,2888.0,
10.0.172.99,/profile,200,2026-03-21 06:03:24.984083,441,2309.0,
192.168.59.9,/api/data,200,2026-03-21 06:03:24.984083,396,,
10.0.4.48,/profile,200,2026-03-21 06:03:24.984083,221,2820.0,4.0
192.168.244.56,/checkout,200,2026-03-21 06:03:24.984083,239,,4.0
10.0.127.79,/search,200,2026-03-21 06:03:24.984083,341,,
172.16.9.245,/search,200,2026-03-21 06:03:25.112363,555,4125.0,
192.168.168.184,/checkout,200,2026-03-21 06:03:25.112363,399,,3.0
10.0.62.159,/api/data,200,2026-03-21 06:03:25.112363,711,,
192.168.136.217,/login,200,2026-03-21 06:03:25.430150,315,1480.0,
192.168.104.180,/search,200,2026-03-21 06:03:25.626349,262,4539.0,3.0
10.0.224.24,/api/data,200,2026-03-21 06:03:25.626349,507,3112.0,2.0
192.168.94.112,/api/data,200,2026-03-21 06:03:25.626349,307,3774.0,2.0
10.0.142.218,/checkout,200,2026-03-21 06:03:25.626349,294,521.0,1.0
10.0.119.227,/api/data,200,2026-03-21 06:03:25.753722,324,3077.0,
172.16.78.5,/login,200,2026-03-21 06:03:25.753722,769,2248.0,1.0
192.168.140.165,/profile,500,2026-03-21 06:03:25.753722,386,4810.0,1.0
192.168.13.141,/login,200,2026-03-21 06:03:26.107796,540,2413.0,4.0
10.0.85.30,/api/data,200,2026-03-21 06:03:26.399153,460,4378.0,2.0
10.0.221.193,/login,200,2026-03-21 06:03:26.399153,686,,2.0
192.168.136.253,/login,200,2026-03-21 06:03:26.399153,350,,4.0
172.16.69.97,/login,200,2026-03-21 06:03:26.399153,348,4935.0,
192.168.48.198,/login,200,2026-03-21 06:03:26.399153,540,3550.0,
10.0.159.4,/login,200,2026-03-21 06:03:26.832870,463,2125.0,
192.168.65.62,/search,404,2026-03-21 06:03:26.832870,537,545.0,4.0
192.168.218.192,/checkout,404,2026-03-21 06:03:26.832870,332,2405.0,
10.0.217.52,/profile,200,2026-03-21 06:03:26.832870,612,4668.0,4.0
192.168.243.52,/profile,404,2026-03-21 06:03:27.042866,266,,
192.168.1.58,/api/data,200,2026-03-21 06:03:27.042866,377,,1.0
172.16.103.97,/search,200,2026-03-21 06:03:27.042866,720,,5.0
172.16.29.250,/profile,200,2026-03-21 06:03:27.042866,971,4500.0,
172.16.109.253,/search,200,2026-03-21 06:03:27.042866,628,,
172.16.87.228,/login,200,2026-03-21 06:03:27.272706,715,,1.0
192.168.189.109,/login,200,2026-03-21 06:03:27.272706,170,1065.0,
172.16.69.1,/checkout,404,2026-03-21 06:03:27.540668,703,10.0,
192.168.85.255,/profile,200,2026-03-21 06:03:27.540668,309,3501.0,
192.168.56.119,/login,200,2026-03-21 06:03:27.540668,261,214.0,2.0
172.16.4.198,/api/data,404,2026-03-21 06:03:27.540668,314,,2.0
192.168.239.48,/checkout,200,2026-03-21 06:03:27.540668,421,1727.0,
192.168.232.106,/search,200,2026-03-21 06:03:27.653247,362,,
192.168.34.114,/search,500,2026-03-21 06:03:27.938407,463,,1.0
192.168.174.79,/api/data,200,2026-03-21 06:03:28.165704,341,1178.0,
172.16.205.60,/checkout,404,2026-03-21 06:03:28.165704,177,,
192.168.249.68,/api/data,500,2026-03-21 06:03:28.165704,435,,1.0
172.16.201.204,/api/data,200,2026-03-21 06:03:28.520445,419,,
172.16.12.235,/login,500,2026-03-21 06:03:28.520445,497,,
10.0.117.151,/profile,200,2026-03-21 06:03:28.520445,479,3058.0,
192.168.168.105,/login,200,2026-03-21 06:03:28.520445,143,4563.0,5.0
192.168.29.164,/login,200,2026-03-21 06:03:28.520445,481,1509.0,
172.16.121.216,/search,200,2026-03-21 06:03:28.911455,781,3721.0,
172.16.74.117,/login,200,2026-03-21 06:03:28.911455,614,,5.0
10.0.154.172,/api/data,200,2026-03-21 06:03:28.911455,513,,2.0
10.0.65.46,/login,200,2026-03-21 06:03:29.032175,344,,5.0
172.16.251.110,/api/data,200,2026-03-21 06:03:29.032175,597,2315.0,
172.16.48.209,/checkout,200,2026-03-21 06:03:29.431485,700,768.0,
172.16.151.184,/checkout,200,2026-03-21 06:03:29.702472,555,4077.0,
172.16.52.198,/checkout,200,2026-03-21 06:03:29.702472,679,2759.0,
172.16.247.157,/profile,200,2026-03-21 06:03:29.702472,931,3745.0,
192.168.202.56,/profile,200,2026-03-21 06:03:29.702472,153,1126.0,
192.168.252.235,/checkout,500,2026-03-21 06:03:29.702472,438,3899.0,4.0
192.168.198.92,/checkout,200,2026-03-21 06:03:29.875246,389,,2.0
172.16.109.80,/api/data,200,2026-03-21 06:03:29.875246,861,,
172.16.91.51,/api/data,200,2026-03-21 06:03:29.875246,843,,2.0
172.16.120.102,/profile,200,2026-03-21 06:03:30.220020,427,,
10.0.166.217,/profile,200,2026-03-21 06:03:30.529428,338,,
172.16.181.196,/search,200,2026-03-21 06:03:30.529428,547,2028.0,1.0
172.16.6.232,/search,200,2026-03-21 06:03:30.529428,395,,4.0
172.16.251.104,/profile,404,2026-03-21 06:03:30.529428,653,2509.0,
192.168.69.213,/login,404,2026-03-21 06:03:30.529428,221,317.0,4.0
172.16.191.201,/api/data,200,2026-03-21 06:03:30.804963,268,,
10.0.43.143,/profile,200,2026-03-21 06:03:30.804963,785,,1.0
172.16.100.74,/search,200,2026-03-21 06:03:31.071119,477,,2.0
172.16.56.88,/profile,404,2026-03-21 06:03:31.071119,422,1480.0,5.0
10.0.230.153,/login,200,2026-03-21 06:03:31.220396,336,2478.0,
172.16.128.8,/profile,200,2026-03-21 06:03:31.220396,537,2949.0,4.0
172.16.249.37,/search,200,2026-03-21 06:03:31.220396,695,1840.0,2.0
192.168.38.204,/search,200,2026-03-21 06:03:31.220396,391,,
172.16.23.49,/search,200,2026-03-21 06:03:31.220396,595,40.0,1.0
192.168.116.207,/login,200,2026-03-21 06:03:31.596456,142,,
10.0.78.208,/checkout,200,2026-03-21 06:03:31.596456,458,3520.0,
172.16.88.73,/checkout,200,2026-03-21 06:03:31.596456,311,1200.0,3.0
192.168.46.149,/search,200,2026-03-21 06:03:31.705246,566,,2.0
10.0.113.218,/search,200,2026-03-21 06:03:31.705246,546,2850.0,
172.16.123.231,/search,200,2026-03-21 06:03:32.040034,913,,
192.168.138.106,/checkout,404,2026-03-21 06:03:32.040034,144,,4.0
172.16.13.173,/login,404,2026-03-21 06:03:32.190381,656,3115.0,3.0
192.168.234.101,/search,200,2026-03-21 06:03:32.528022,412,,3.0
10.0.125.1,/search,500,2026-03-21 06:03:32.528022,652,4164.0,5.0
172.16.145.191,/profile,200,2026-03-21 06:03:32.528022,895,2883.0,2.0
172.16.122.228,/checkout,200,2026-03-21 06:03:32.904958,545,2038.0,4.0
192.168.132.188,/api/data,404,2026-03-21 06:03:32.904958,287,3549.0,4.0
10.0.44.42,/search,200,2026-03-21 06:03:32.904958,365,,2.0
192.168.138.114,/search,200,2026-03-21 06:03:33.015161,256,2158.0,4.0
10.0.65.40,/api/data,404,2026-03-21 06:03:33.015161,442,,
192.168.141.132,/checkout,200,2026-03-21 06:03:33.426829,543,,3.0
192.168.58.159,/login,200,2026-03-21 06:03:33.752206,599,2524.0,5.0
10.0.85.214,/api/data,200,2026-03-21 06:03:33.752206,674,1382.0,3.0
172.16.90.137,/search,200,2026-03-21 06:03:33.752206,595,2355.0,3.0
10.0.82.99,/api/data,200,2026-03-21 06:03:33.752206,482,,
172.16.50.217,/login,500,2026-03-21 06:03:33.752206,594,,3.0
10.0.157.66,/login,200,2026-03-21 06:03:34.027989,461,1072.0,
192.168.110.40,/api/data,200,2026-03-21 06:03:34.027989,455,3178.0,3.0
172.16.228.134,/search,404,2026-03-21 06:03:34.027989,694,,
172.16.174.105,/search,200,2026-03-21 06:03:34.027989,667,2727.0,
10.0.139.7,/search,200,2026-03-21 06:03:34.269581,594,,
192.168.107.107,/search,200,2026-03-21 06:03:34.269581,348,1146.0,3.0
10.0.253.217,/api/data,200,2026-03-21 06:03:34.423542,487,1516.0,5.0
10.0.72.91,/profile,200,2026-03-21 06:03:34.423542,534,1006.0,
172.16.237.138,/search,404,2026-03-21 06:03:34.423542,656,1663.0,
172.16.236.111,/profile,200,2026-03-21 06:03:34.423542,522,4959.0,5.0
10.0.74.139,/profile,200,2026-03-21 06:03:34.624671,734,3266.0,
10.0.225.154,/profile,200,2026-03-21 06:03:34.624671,661,3898.0,1.0
172.16.243.218,/login,200,2026-03-21 06:03:34.624671,639,1365.0,
192.168.59.4,/checkout,404,2026-03-21 06:03:34.624671,353,1655.0,
172.16.48.65,/checkout,200,2026-03-21 06:03:34.927096,526,,3.0
172.16.100.12,/profile,200,2026-03-21 06:03:34.927096,466,,
10.0.192.112,/api/data,500,2026-03-21 06:03:35.074861,336,3760.0,
172.16.197.105,/checkout,200,2026-03-21 06:03:35.404533,782,1114.0,2.0
10.0.161.55,/profile,200,2026-03-21 06:03:35.672517,620,3922.0,
10.0.53.8,/login,200,2026-03-21 06:03:36.015463,571,2916.0,1.0
172.16.186.12,/login,200,2026-03-21 06:03:36.125072,731,,5.0
10.0.102.233,/profile,200,2026-03-21 06:03:36.125072,662,1505.0,
10.0.158.150,/login,200,2026-03-21 06:03:36.398118,429,1095.0,4.0
10.0.2.73,/search,404,2026-03-21 06:03:36.618971,438,3762.0,
10.0.53.223,/profile,200,2026-03-21 06:03:36.618971,54,,4.0
10.0.140.45,/api/data,200,2026-03-21 06:03:36.618971,322,1030.0,
10.0.238.125,/login,200,2026-03-21 06:03:36.618971,311,,
192.168.0.185,/api/data,404,2026-03-21 06:03:36.862598,20,,5.0
10.0.185.232,/profile,200,2026-03-21 06:03:36.862598,608,,
172.16.105.26,/api/data,500,2026-03-21 06:03:37.247459,731,4407.0,5.0
192.168.195.42,/profile,404,2026-03-21 06:03:37.408452,441,1659.0,2.0
172.16.102.37,/checkout,200,2026-03-21 06:03:37.408452,455,,
192.168.43.71,/search,200,2026-03-21 06:03:37.408452,61,4763.0,
172.16.19.117,/api/data,404,2026-03-21 06:03:37.738442,415,684.0,
172.16.22.49,/api/data,500,2026-03-21 06:03:37.738442,640,,
192.168.45.159,/profile,200,2026-03-21 06:03:37.738442,284,,2.0
